"cohort","age","child_death"
1950,15,0
1950,16,0.002
1950,17,0.004
1950,18,0.006
1950,19,0.009
1950,20,0.012
1950,21,0.015
1950,22,0.018
1950,23,0.021
1950,24,0.024
1950,25,0.026
1950,26,0.028
1950,27,0.03
1950,28,0.032
1950,29,0.034
1950,30,0.036
1950,31,0.037
1950,32,0.038
1950,33,0.04
1950,34,0.041
1950,35,0.042
1950,36,0.043
1950,37,0.045
1950,38,0.046
1950,39,0.047
1950,40,0.049
1950,41,0.05
1950,42,0.052
1950,43,0.053
1950,44,0.055
1950,45,0.056
1950,46,0.058
1950,47,0.06
1950,48,0.061
1950,49,0.063
1950,50,0.065
1950,51,0.067
1950,52,0.068
1950,53,0.07
1950,54,0.072
1950,55,0.075
1950,56,0.077
1950,57,0.079
1950,58,0.082
1950,59,0.084
1950,60,0.087
1950,61,0.09
1950,62,0.093
1950,63,0.096
1950,64,0.1
1950,65,0.103
1950,66,0.108
1950,67,0.112
1950,68,0.117
1950,69,0.122
1950,70,0.128
1950,71,0.134
1950,72,0.141
1950,73,0.147
1950,74,0.155
1950,75,0.163
1950,76,0.171
1950,77,0.18
1950,78,0.189
1950,79,0.199
1950,80,0.209
1950,81,0.22
1950,82,0.231
1950,83,0.243
1950,84,0.255
1950,85,0.268
1950,86,0.282
1950,87,0.296
1950,88,0.311
1950,89,0.327
1950,90,0.344
1950,91,0.361
1950,92,0.38
1950,93,0.399
1950,94,0.42
1950,95,0.442
1950,96,0.465
1950,97,0.49
1950,98,0.516
1950,99,0.544
1950,100,0.573
1951,15,0
1951,16,0.002
1951,17,0.004
1951,18,0.006
1951,19,0.008
1951,20,0.011
1951,21,0.014
1951,22,0.017
1951,23,0.019
1951,24,0.022
1951,25,0.024
1951,26,0.026
1951,27,0.028
1951,28,0.03
1951,29,0.032
1951,30,0.033
1951,31,0.035
1951,32,0.036
1951,33,0.037
1951,34,0.038
1951,35,0.04
1951,36,0.041
1951,37,0.042
1951,38,0.043
1951,39,0.045
1951,40,0.046
1951,41,0.047
1951,42,0.049
1951,43,0.05
1951,44,0.052
1951,45,0.053
1951,46,0.055
1951,47,0.056
1951,48,0.058
1951,49,0.06
1951,50,0.061
1951,51,0.063
1951,52,0.065
1951,53,0.067
1951,54,0.069
1951,55,0.071
1951,56,0.073
1951,57,0.076
1951,58,0.078
1951,59,0.08
1951,60,0.083
1951,61,0.086
1951,62,0.089
1951,63,0.092
1951,64,0.096
1951,65,0.099
1951,66,0.104
1951,67,0.108
1951,68,0.113
1951,69,0.118
1951,70,0.124
1951,71,0.13
1951,72,0.136
1951,73,0.143
1951,74,0.15
1951,75,0.157
1951,76,0.165
1951,77,0.174
1951,78,0.183
1951,79,0.192
1951,80,0.202
1951,81,0.212
1951,82,0.223
1951,83,0.234
1951,84,0.246
1951,85,0.259
1951,86,0.272
1951,87,0.286
1951,88,0.3
1951,89,0.316
1951,90,0.332
1951,91,0.349
1951,92,0.367
1951,93,0.386
1951,94,0.406
1951,95,0.427
1951,96,0.45
1951,97,0.473
1951,98,0.499
1951,99,0.526
1951,100,0.554
1952,15,0
1952,16,0.001
1952,17,0.003
1952,18,0.005
1952,19,0.008
1952,20,0.01
1952,21,0.013
1952,22,0.016
1952,23,0.018
1952,24,0.02
1952,25,0.022
1952,26,0.024
1952,27,0.026
1952,28,0.028
1952,29,0.03
1952,30,0.031
1952,31,0.032
1952,32,0.034
1952,33,0.035
1952,34,0.036
1952,35,0.037
1952,36,0.039
1952,37,0.04
1952,38,0.041
1952,39,0.042
1952,40,0.044
1952,41,0.045
1952,42,0.046
1952,43,0.048
1952,44,0.049
1952,45,0.051
1952,46,0.052
1952,47,0.054
1952,48,0.055
1952,49,0.057
1952,50,0.058
1952,51,0.06
1952,52,0.062
1952,53,0.064
1952,54,0.066
1952,55,0.068
1952,56,0.07
1952,57,0.072
1952,58,0.075
1952,59,0.077
1952,60,0.08
1952,61,0.082
1952,62,0.085
1952,63,0.089
1952,64,0.092
1952,65,0.096
1952,66,0.1
1952,67,0.105
1952,68,0.109
1952,69,0.115
1952,70,0.12
1952,71,0.126
1952,72,0.132
1952,73,0.138
1952,74,0.145
1952,75,0.153
1952,76,0.16
1952,77,0.169
1952,78,0.177
1952,79,0.186
1952,80,0.196
1952,81,0.206
1952,82,0.216
1952,83,0.227
1952,84,0.239
1952,85,0.251
1952,86,0.264
1952,87,0.277
1952,88,0.291
1952,89,0.306
1952,90,0.322
1952,91,0.338
1952,92,0.356
1952,93,0.374
1952,94,0.394
1952,95,0.414
1952,96,0.436
1952,97,0.459
1952,98,0.484
1952,99,0.51
1952,100,0.538
1953,15,0
1953,16,0.001
1953,17,0.003
1953,18,0.005
1953,19,0.007
1953,20,0.01
1953,21,0.012
1953,22,0.014
1953,23,0.017
1953,24,0.019
1953,25,0.021
1953,26,0.023
1953,27,0.025
1953,28,0.026
1953,29,0.028
1953,30,0.029
1953,31,0.03
1953,32,0.032
1953,33,0.033
1953,34,0.034
1953,35,0.035
1953,36,0.037
1953,37,0.038
1953,38,0.039
1953,39,0.04
1953,40,0.041
1953,41,0.043
1953,42,0.044
1953,43,0.045
1953,44,0.047
1953,45,0.048
1953,46,0.05
1953,47,0.051
1953,48,0.053
1953,49,0.054
1953,50,0.056
1953,51,0.058
1953,52,0.059
1953,53,0.061
1953,54,0.063
1953,55,0.065
1953,56,0.067
1953,57,0.07
1953,58,0.072
1953,59,0.074
1953,60,0.077
1953,61,0.08
1953,62,0.083
1953,63,0.086
1953,64,0.089
1953,65,0.093
1953,66,0.097
1953,67,0.102
1953,68,0.107
1953,69,0.112
1953,70,0.117
1953,71,0.122
1953,72,0.128
1953,73,0.135
1953,74,0.142
1953,75,0.149
1953,76,0.156
1953,77,0.164
1953,78,0.172
1953,79,0.181
1953,80,0.19
1953,81,0.2
1953,82,0.21
1953,83,0.221
1953,84,0.232
1953,85,0.244
1953,86,0.256
1953,87,0.27
1953,88,0.283
1953,89,0.298
1953,90,0.313
1953,91,0.329
1953,92,0.346
1953,93,0.364
1953,94,0.383
1953,95,0.403
1953,96,0.424
1953,97,0.447
1953,98,0.471
1953,99,0.497
1953,100,0.524
1954,15,0
1954,16,0.001
1954,17,0.003
1954,18,0.005
1954,19,0.007
1954,20,0.009
1954,21,0.011
1954,22,0.013
1954,23,0.015
1954,24,0.017
1954,25,0.019
1954,26,0.021
1954,27,0.023
1954,28,0.025
1954,29,0.026
1954,30,0.027
1954,31,0.029
1954,32,0.03
1954,33,0.031
1954,34,0.032
1954,35,0.034
1954,36,0.035
1954,37,0.036
1954,38,0.037
1954,39,0.038
1954,40,0.04
1954,41,0.041
1954,42,0.042
1954,43,0.043
1954,44,0.045
1954,45,0.046
1954,46,0.047
1954,47,0.049
1954,48,0.05
1954,49,0.052
1954,50,0.054
1954,51,0.055
1954,52,0.057
1954,53,0.059
1954,54,0.061
1954,55,0.063
1954,56,0.065
1954,57,0.067
1954,58,0.069
1954,59,0.072
1954,60,0.074
1954,61,0.077
1954,62,0.08
1954,63,0.084
1954,64,0.087
1954,65,0.091
1954,66,0.095
1954,67,0.1
1954,68,0.104
1954,69,0.109
1954,70,0.114
1954,71,0.12
1954,72,0.126
1954,73,0.132
1954,74,0.138
1954,75,0.145
1954,76,0.153
1954,77,0.16
1954,78,0.168
1954,79,0.177
1954,80,0.186
1954,81,0.195
1954,82,0.205
1954,83,0.215
1954,84,0.226
1954,85,0.238
1954,86,0.25
1954,87,0.263
1954,88,0.277
1954,89,0.291
1954,90,0.306
1954,91,0.321
1954,92,0.338
1954,93,0.355
1954,94,0.374
1954,95,0.394
1954,96,0.414
1954,97,0.437
1954,98,0.46
1954,99,0.485
1954,100,0.512
1955,15,0
1955,16,0.001
1955,17,0.003
1955,18,0.004
1955,19,0.006
1955,20,0.008
1955,21,0.01
1955,22,0.012
1955,23,0.014
1955,24,0.016
1955,25,0.018
1955,26,0.02
1955,27,0.022
1955,28,0.023
1955,29,0.025
1955,30,0.026
1955,31,0.027
1955,32,0.029
1955,33,0.03
1955,34,0.031
1955,35,0.032
1955,36,0.033
1955,37,0.034
1955,38,0.036
1955,39,0.037
1955,40,0.038
1955,41,0.039
1955,42,0.04
1955,43,0.041
1955,44,0.043
1955,45,0.044
1955,46,0.045
1955,47,0.047
1955,48,0.048
1955,49,0.05
1955,50,0.052
1955,51,0.053
1955,52,0.055
1955,53,0.057
1955,54,0.059
1955,55,0.061
1955,56,0.063
1955,57,0.065
1955,58,0.067
1955,59,0.07
1955,60,0.072
1955,61,0.075
1955,62,0.078
1955,63,0.082
1955,64,0.085
1955,65,0.089
1955,66,0.093
1955,67,0.098
1955,68,0.102
1955,69,0.107
1955,70,0.112
1955,71,0.118
1955,72,0.123
1955,73,0.129
1955,74,0.136
1955,75,0.142
1955,76,0.15
1955,77,0.157
1955,78,0.165
1955,79,0.173
1955,80,0.182
1955,81,0.191
1955,82,0.201
1955,83,0.211
1955,84,0.222
1955,85,0.233
1955,86,0.245
1955,87,0.257
1955,88,0.271
1955,89,0.284
1955,90,0.299
1955,91,0.314
1955,92,0.331
1955,93,0.348
1955,94,0.366
1955,95,0.385
1955,96,0.406
1955,97,0.427
1955,98,0.451
1955,99,0.475
1955,100,0.502
1956,15,0
1956,16,0.001
1956,17,0.003
1956,18,0.004
1956,19,0.006
1956,20,0.008
1956,21,0.01
1956,22,0.011
1956,23,0.013
1956,24,0.015
1956,25,0.017
1956,26,0.019
1956,27,0.02
1956,28,0.022
1956,29,0.023
1956,30,0.025
1956,31,0.026
1956,32,0.027
1956,33,0.028
1956,34,0.03
1956,35,0.031
1956,36,0.032
1956,37,0.033
1956,38,0.034
1956,39,0.035
1956,40,0.036
1956,41,0.037
1956,42,0.039
1956,43,0.04
1956,44,0.041
1956,45,0.042
1956,46,0.044
1956,47,0.045
1956,48,0.047
1956,49,0.048
1956,50,0.05
1956,51,0.052
1956,52,0.053
1956,53,0.055
1956,54,0.057
1956,55,0.059
1956,56,0.061
1956,57,0.063
1956,58,0.065
1956,59,0.068
1956,60,0.071
1956,61,0.074
1956,62,0.077
1956,63,0.08
1956,64,0.084
1956,65,0.088
1956,66,0.092
1956,67,0.096
1956,68,0.101
1956,69,0.105
1956,70,0.11
1956,71,0.116
1956,72,0.121
1956,73,0.127
1956,74,0.133
1956,75,0.14
1956,76,0.147
1956,77,0.154
1956,78,0.162
1956,79,0.17
1956,80,0.178
1956,81,0.187
1956,82,0.197
1956,83,0.207
1956,84,0.218
1956,85,0.229
1956,86,0.24
1956,87,0.253
1956,88,0.265
1956,89,0.279
1956,90,0.293
1956,91,0.308
1956,92,0.324
1956,93,0.341
1956,94,0.359
1956,95,0.378
1956,96,0.398
1956,97,0.419
1956,98,0.442
1956,99,0.467
1956,100,0.492
1957,15,0
1957,16,0.001
1957,17,0.002
1957,18,0.004
1957,19,0.005
1957,20,0.007
1957,21,0.009
1957,22,0.011
1957,23,0.012
1957,24,0.014
1957,25,0.016
1957,26,0.018
1957,27,0.019
1957,28,0.021
1957,29,0.022
1957,30,0.024
1957,31,0.025
1957,32,0.026
1957,33,0.027
1957,34,0.028
1957,35,0.029
1957,36,0.031
1957,37,0.032
1957,38,0.033
1957,39,0.034
1957,40,0.035
1957,41,0.036
1957,42,0.037
1957,43,0.038
1957,44,0.04
1957,45,0.041
1957,46,0.042
1957,47,0.044
1957,48,0.045
1957,49,0.047
1957,50,0.048
1957,51,0.05
1957,52,0.052
1957,53,0.054
1957,54,0.055
1957,55,0.057
1957,56,0.059
1957,57,0.061
1957,58,0.064
1957,59,0.067
1957,60,0.069
1957,61,0.072
1957,62,0.076
1957,63,0.079
1957,64,0.083
1957,65,0.087
1957,66,0.091
1957,67,0.095
1957,68,0.099
1957,69,0.104
1957,70,0.109
1957,71,0.114
1957,72,0.12
1957,73,0.125
1957,74,0.131
1957,75,0.138
1957,76,0.144
1957,77,0.152
1957,78,0.159
1957,79,0.167
1957,80,0.175
1957,81,0.184
1957,82,0.194
1957,83,0.204
1957,84,0.214
1957,85,0.225
1957,86,0.236
1957,87,0.248
1957,88,0.261
1957,89,0.274
1957,90,0.288
1957,91,0.303
1957,92,0.319
1957,93,0.336
1957,94,0.353
1957,95,0.372
1957,96,0.391
1957,97,0.413
1957,98,0.435
1957,99,0.459
1957,100,0.484
1958,15,0
1958,16,0.001
1958,17,0.002
1958,18,0.003
1958,19,0.005
1958,20,0.007
1958,21,0.008
1958,22,0.01
1958,23,0.012
1958,24,0.013
1958,25,0.015
1958,26,0.017
1958,27,0.018
1958,28,0.02
1958,29,0.021
1958,30,0.023
1958,31,0.024
1958,32,0.025
1958,33,0.026
1958,34,0.027
1958,35,0.028
1958,36,0.029
1958,37,0.031
1958,38,0.032
1958,39,0.033
1958,40,0.034
1958,41,0.035
1958,42,0.036
1958,43,0.037
1958,44,0.038
1958,45,0.04
1958,46,0.041
1958,47,0.042
1958,48,0.044
1958,49,0.045
1958,50,0.047
1958,51,0.049
1958,52,0.05
1958,53,0.052
1958,54,0.054
1958,55,0.056
1958,56,0.058
1958,57,0.06
1958,58,0.063
1958,59,0.066
1958,60,0.068
1958,61,0.072
1958,62,0.075
1958,63,0.078
1958,64,0.082
1958,65,0.086
1958,66,0.09
1958,67,0.094
1958,68,0.098
1958,69,0.103
1958,70,0.108
1958,71,0.113
1958,72,0.118
1958,73,0.124
1958,74,0.13
1958,75,0.136
1958,76,0.143
1958,77,0.15
1958,78,0.157
1958,79,0.165
1958,80,0.173
1958,81,0.182
1958,82,0.191
1958,83,0.201
1958,84,0.211
1958,85,0.222
1958,86,0.233
1958,87,0.245
1958,88,0.257
1958,89,0.27
1958,90,0.284
1958,91,0.299
1958,92,0.314
1958,93,0.331
1958,94,0.348
1958,95,0.366
1958,96,0.386
1958,97,0.407
1958,98,0.429
1958,99,0.452
1958,100,0.478
1959,15,0
1959,16,0.001
1959,17,0.002
1959,18,0.003
1959,19,0.005
1959,20,0.006
1959,21,0.008
1959,22,0.009
1959,23,0.011
1959,24,0.013
1959,25,0.014
1959,26,0.016
1959,27,0.018
1959,28,0.019
1959,29,0.02
1959,30,0.022
1959,31,0.023
1959,32,0.024
1959,33,0.025
1959,34,0.026
1959,35,0.027
1959,36,0.028
1959,37,0.029
1959,38,0.031
1959,39,0.032
1959,40,0.033
1959,41,0.034
1959,42,0.035
1959,43,0.036
1959,44,0.037
1959,45,0.038
1959,46,0.04
1959,47,0.041
1959,48,0.043
1959,49,0.044
1959,50,0.046
1959,51,0.047
1959,52,0.049
1959,53,0.051
1959,54,0.053
1959,55,0.055
1959,56,0.057
1959,57,0.059
1959,58,0.062
1959,59,0.065
1959,60,0.068
1959,61,0.071
1959,62,0.074
1959,63,0.078
1959,64,0.081
1959,65,0.085
1959,66,0.089
1959,67,0.093
1959,68,0.097
1959,69,0.102
1959,70,0.107
1959,71,0.112
1959,72,0.117
1959,73,0.122
1959,74,0.128
1959,75,0.134
1959,76,0.141
1959,77,0.148
1959,78,0.155
1959,79,0.163
1959,80,0.171
1959,81,0.18
1959,82,0.189
1959,83,0.198
1959,84,0.208
1959,85,0.219
1959,86,0.23
1959,87,0.242
1959,88,0.254
1959,89,0.267
1959,90,0.281
1959,91,0.295
1959,92,0.311
1959,93,0.327
1959,94,0.344
1959,95,0.362
1959,96,0.381
1959,97,0.402
1959,98,0.424
1959,99,0.447
1959,100,0.472
1960,15,0
1960,16,0.001
1960,17,0.002
1960,18,0.003
1960,19,0.004
1960,20,0.006
1960,21,0.007
1960,22,0.009
1960,23,0.011
1960,24,0.012
1960,25,0.014
1960,26,0.015
1960,27,0.017
1960,28,0.018
1960,29,0.02
1960,30,0.021
1960,31,0.022
1960,32,0.023
1960,33,0.024
1960,34,0.026
1960,35,0.027
1960,36,0.028
1960,37,0.029
1960,38,0.03
1960,39,0.031
1960,40,0.032
1960,41,0.033
1960,42,0.034
1960,43,0.035
1960,44,0.036
1960,45,0.037
1960,46,0.039
1960,47,0.04
1960,48,0.042
1960,49,0.043
1960,50,0.045
1960,51,0.046
1960,52,0.048
1960,53,0.05
1960,54,0.052
1960,55,0.054
1960,56,0.056
1960,57,0.059
1960,58,0.061
1960,59,0.064
1960,60,0.067
1960,61,0.07
1960,62,0.074
1960,63,0.077
1960,64,0.081
1960,65,0.084
1960,66,0.088
1960,67,0.092
1960,68,0.097
1960,69,0.101
1960,70,0.106
1960,71,0.111
1960,72,0.116
1960,73,0.121
1960,74,0.127
1960,75,0.133
1960,76,0.14
1960,77,0.146
1960,78,0.154
1960,79,0.161
1960,80,0.169
1960,81,0.178
1960,82,0.187
1960,83,0.196
1960,84,0.206
1960,85,0.217
1960,86,0.228
1960,87,0.239
1960,88,0.252
1960,89,0.264
1960,90,0.278
1960,91,0.292
1960,92,0.307
1960,93,0.323
1960,94,0.34
1960,95,0.358
1960,96,0.377
1960,97,0.398
1960,98,0.419
1960,99,0.443
1960,100,0.467
1961,15,0
1961,16,0.001
1961,17,0.002
1961,18,0.003
1961,19,0.004
1961,20,0.006
1961,21,0.007
1961,22,0.009
1961,23,0.01
1961,24,0.012
1961,25,0.013
1961,26,0.015
1961,27,0.016
1961,28,0.018
1961,29,0.019
1961,30,0.02
1961,31,0.022
1961,32,0.023
1961,33,0.024
1961,34,0.025
1961,35,0.026
1961,36,0.027
1961,37,0.028
1961,38,0.029
1961,39,0.03
1961,40,0.031
1961,41,0.032
1961,42,0.033
1961,43,0.034
1961,44,0.035
1961,45,0.037
1961,46,0.038
1961,47,0.039
1961,48,0.041
1961,49,0.042
1961,50,0.044
1961,51,0.045
1961,52,0.047
1961,53,0.049
1961,54,0.051
1961,55,0.053
1961,56,0.056
1961,57,0.058
1961,58,0.061
1961,59,0.064
1961,60,0.067
1961,61,0.07
1961,62,0.073
1961,63,0.077
1961,64,0.08
1961,65,0.084
1961,66,0.088
1961,67,0.092
1961,68,0.096
1961,69,0.101
1961,70,0.105
1961,71,0.11
1961,72,0.115
1961,73,0.121
1961,74,0.126
1961,75,0.132
1961,76,0.139
1961,77,0.145
1961,78,0.153
1961,79,0.16
1961,80,0.168
1961,81,0.177
1961,82,0.185
1961,83,0.195
1961,84,0.205
1961,85,0.215
1961,86,0.226
1961,87,0.237
1961,88,0.249
1961,89,0.262
1961,90,0.276
1961,91,0.29
1961,92,0.305
1961,93,0.32
1961,94,0.337
1961,95,0.355
1961,96,0.374
1961,97,0.394
1961,98,0.416
1961,99,0.439
1961,100,0.464
1962,15,0
1962,16,0.001
1962,17,0.002
1962,18,0.003
1962,19,0.004
1962,20,0.005
1962,21,0.007
1962,22,0.008
1962,23,0.01
1962,24,0.011
1962,25,0.013
1962,26,0.014
1962,27,0.016
1962,28,0.017
1962,29,0.019
1962,30,0.02
1962,31,0.021
1962,32,0.022
1962,33,0.023
1962,34,0.024
1962,35,0.025
1962,36,0.026
1962,37,0.027
1962,38,0.028
1962,39,0.029
1962,40,0.03
1962,41,0.031
1962,42,0.032
1962,43,0.033
1962,44,0.034
1962,45,0.036
1962,46,0.037
1962,47,0.038
1962,48,0.04
1962,49,0.041
1962,50,0.043
1962,51,0.044
1962,52,0.046
1962,53,0.048
1962,54,0.05
1962,55,0.053
1962,56,0.055
1962,57,0.058
1962,58,0.061
1962,59,0.064
1962,60,0.067
1962,61,0.07
1962,62,0.073
1962,63,0.076
1962,64,0.08
1962,65,0.084
1962,66,0.087
1962,67,0.092
1962,68,0.096
1962,69,0.1
1962,70,0.105
1962,71,0.109
1962,72,0.114
1962,73,0.12
1962,74,0.125
1962,75,0.131
1962,76,0.138
1962,77,0.144
1962,78,0.152
1962,79,0.159
1962,80,0.167
1962,81,0.175
1962,82,0.184
1962,83,0.193
1962,84,0.203
1962,85,0.213
1962,86,0.224
1962,87,0.236
1962,88,0.248
1962,89,0.26
1962,90,0.273
1962,91,0.288
1962,92,0.302
1962,93,0.318
1962,94,0.335
1962,95,0.353
1962,96,0.371
1962,97,0.392
1962,98,0.413
1962,99,0.436
1962,100,0.46
1963,15,0
1963,16,0.001
1963,17,0.002
1963,18,0.003
1963,19,0.004
1963,20,0.005
1963,21,0.006
1963,22,0.008
1963,23,0.009
1963,24,0.011
1963,25,0.012
1963,26,0.014
1963,27,0.015
1963,28,0.017
1963,29,0.018
1963,30,0.019
1963,31,0.02
1963,32,0.021
1963,33,0.022
1963,34,0.023
1963,35,0.024
1963,36,0.025
1963,37,0.026
1963,38,0.027
1963,39,0.028
1963,40,0.029
1963,41,0.03
1963,42,0.031
1963,43,0.033
1963,44,0.034
1963,45,0.035
1963,46,0.036
1963,47,0.038
1963,48,0.039
1963,49,0.04
1963,50,0.042
1963,51,0.044
1963,52,0.046
1963,53,0.048
1963,54,0.05
1963,55,0.052
1963,56,0.055
1963,57,0.058
1963,58,0.06
1963,59,0.063
1963,60,0.066
1963,61,0.069
1963,62,0.073
1963,63,0.076
1963,64,0.08
1963,65,0.083
1963,66,0.087
1963,67,0.091
1963,68,0.095
1963,69,0.1
1963,70,0.104
1963,71,0.109
1963,72,0.114
1963,73,0.119
1963,74,0.125
1963,75,0.131
1963,76,0.137
1963,77,0.144
1963,78,0.151
1963,79,0.158
1963,80,0.166
1963,81,0.174
1963,82,0.183
1963,83,0.192
1963,84,0.202
1963,85,0.212
1963,86,0.223
1963,87,0.234
1963,88,0.246
1963,89,0.258
1963,90,0.271
1963,91,0.285
1963,92,0.3
1963,93,0.316
1963,94,0.332
1963,95,0.35
1963,96,0.369
1963,97,0.389
1963,98,0.41
1963,99,0.433
1963,100,0.457
1964,15,0
1964,16,0.001
1964,17,0.001
1964,18,0.002
1964,19,0.004
1964,20,0.005
1964,21,0.006
1964,22,0.008
1964,23,0.009
1964,24,0.011
1964,25,0.012
1964,26,0.014
1964,27,0.015
1964,28,0.016
1964,29,0.017
1964,30,0.019
1964,31,0.02
1964,32,0.021
1964,33,0.022
1964,34,0.023
1964,35,0.024
1964,36,0.025
1964,37,0.026
1964,38,0.027
1964,39,0.028
1964,40,0.029
1964,41,0.03
1964,42,0.031
1964,43,0.032
1964,44,0.033
1964,45,0.034
1964,46,0.036
1964,47,0.037
1964,48,0.038
1964,49,0.04
1964,50,0.041
1964,51,0.043
1964,52,0.045
1964,53,0.047
1964,54,0.05
1964,55,0.052
1964,56,0.055
1964,57,0.057
1964,58,0.06
1964,59,0.063
1964,60,0.066
1964,61,0.069
1964,62,0.072
1964,63,0.076
1964,64,0.079
1964,65,0.083
1964,66,0.087
1964,67,0.091
1964,68,0.095
1964,69,0.099
1964,70,0.103
1964,71,0.108
1964,72,0.113
1964,73,0.118
1964,74,0.124
1964,75,0.13
1964,76,0.136
1964,77,0.143
1964,78,0.15
1964,79,0.157
1964,80,0.165
1964,81,0.173
1964,82,0.182
1964,83,0.191
1964,84,0.2
1964,85,0.21
1964,86,0.221
1964,87,0.232
1964,88,0.244
1964,89,0.256
1964,90,0.27
1964,91,0.283
1964,92,0.298
1964,93,0.314
1964,94,0.33
1964,95,0.348
1964,96,0.366
1964,97,0.386
1964,98,0.407
1964,99,0.43
1964,100,0.454
1965,15,0
1965,16,0.001
1965,17,0.001
1965,18,0.002
1965,19,0.003
1965,20,0.005
1965,21,0.006
1965,22,0.007
1965,23,0.009
1965,24,0.01
1965,25,0.012
1965,26,0.013
1965,27,0.015
1965,28,0.016
1965,29,0.017
1965,30,0.018
1965,31,0.019
1965,32,0.02
1965,33,0.021
1965,34,0.022
1965,35,0.023
1965,36,0.024
1965,37,0.025
1965,38,0.026
1965,39,0.027
1965,40,0.028
1965,41,0.029
1965,42,0.03
1965,43,0.031
1965,44,0.032
1965,45,0.034
1965,46,0.035
1965,47,0.036
1965,48,0.037
1965,49,0.039
1965,50,0.041
1965,51,0.043
1965,52,0.045
1965,53,0.047
1965,54,0.049
1965,55,0.052
1965,56,0.054
1965,57,0.057
1965,58,0.06
1965,59,0.063
1965,60,0.066
1965,61,0.069
1965,62,0.072
1965,63,0.075
1965,64,0.079
1965,65,0.083
1965,66,0.086
1965,67,0.09
1965,68,0.094
1965,69,0.098
1965,70,0.103
1965,71,0.108
1965,72,0.112
1965,73,0.118
1965,74,0.123
1965,75,0.129
1965,76,0.135
1965,77,0.142
1965,78,0.149
1965,79,0.156
1965,80,0.164
1965,81,0.172
1965,82,0.18
1965,83,0.189
1965,84,0.199
1965,85,0.209
1965,86,0.22
1965,87,0.231
1965,88,0.242
1965,89,0.255
1965,90,0.268
1965,91,0.281
1965,92,0.296
1965,93,0.311
1965,94,0.328
1965,95,0.345
1965,96,0.364
1965,97,0.384
1965,98,0.405
1965,99,0.427
1965,100,0.452
1966,15,0
1966,16,0.001
1966,17,0.001
1966,18,0.002
1966,19,0.003
1966,20,0.005
1966,21,0.006
1966,22,0.007
1966,23,0.009
1966,24,0.01
1966,25,0.012
1966,26,0.013
1966,27,0.014
1966,28,0.015
1966,29,0.017
1966,30,0.018
1966,31,0.019
1966,32,0.02
1966,33,0.021
1966,34,0.022
1966,35,0.023
1966,36,0.023
1966,37,0.024
1966,38,0.025
1966,39,0.026
1966,40,0.027
1966,41,0.028
1966,42,0.029
1966,43,0.031
1966,44,0.032
1966,45,0.033
1966,46,0.034
1966,47,0.035
1966,48,0.037
1966,49,0.038
1966,50,0.04
1966,51,0.042
1966,52,0.044
1966,53,0.047
1966,54,0.049
1966,55,0.051
1966,56,0.054
1966,57,0.057
1966,58,0.06
1966,59,0.062
1966,60,0.065
1966,61,0.069
1966,62,0.072
1966,63,0.075
1966,64,0.079
1966,65,0.082
1966,66,0.086
1966,67,0.09
1966,68,0.094
1966,69,0.098
1966,70,0.102
1966,71,0.107
1966,72,0.112
1966,73,0.117
1966,74,0.123
1966,75,0.128
1966,76,0.135
1966,77,0.141
1966,78,0.148
1966,79,0.155
1966,80,0.163
1966,81,0.171
1966,82,0.179
1966,83,0.188
1966,84,0.198
1966,85,0.208
1966,86,0.218
1966,87,0.229
1966,88,0.241
1966,89,0.253
1966,90,0.266
1966,91,0.28
1966,92,0.294
1966,93,0.309
1966,94,0.326
1966,95,0.343
1966,96,0.362
1966,97,0.381
1966,98,0.402
1966,99,0.425
1966,100,0.449
1967,15,0
1967,16,0.001
1967,17,0.001
1967,18,0.002
1967,19,0.003
1967,20,0.004
1967,21,0.006
1967,22,0.007
1967,23,0.009
1967,24,0.01
1967,25,0.011
1967,26,0.013
1967,27,0.014
1967,28,0.015
1967,29,0.016
1967,30,0.017
1967,31,0.018
1967,32,0.019
1967,33,0.02
1967,34,0.021
1967,35,0.022
1967,36,0.023
1967,37,0.024
1967,38,0.025
1967,39,0.026
1967,40,0.027
1967,41,0.028
1967,42,0.029
1967,43,0.03
1967,44,0.031
1967,45,0.032
1967,46,0.033
1967,47,0.035
1967,48,0.036
1967,49,0.038
1967,50,0.04
1967,51,0.042
1967,52,0.044
1967,53,0.046
1967,54,0.049
1967,55,0.051
1967,56,0.054
1967,57,0.056
1967,58,0.059
1967,59,0.062
1967,60,0.065
1967,61,0.068
1967,62,0.071
1967,63,0.075
1967,64,0.078
1967,65,0.082
1967,66,0.085
1967,67,0.089
1967,68,0.093
1967,69,0.097
1967,70,0.102
1967,71,0.106
1967,72,0.111
1967,73,0.117
1967,74,0.122
1967,75,0.128
1967,76,0.134
1967,77,0.14
1967,78,0.147
1967,79,0.154
1967,80,0.162
1967,81,0.17
1967,82,0.178
1967,83,0.187
1967,84,0.197
1967,85,0.206
1967,86,0.217
1967,87,0.228
1967,88,0.239
1967,89,0.251
1967,90,0.264
1967,91,0.278
1967,92,0.292
1967,93,0.308
1967,94,0.324
1967,95,0.341
1967,96,0.359
1967,97,0.379
1967,98,0.4
1967,99,0.422
1967,100,0.447
1968,15,0
1968,16,0.001
1968,17,0.001
1968,18,0.002
1968,19,0.003
1968,20,0.004
1968,21,0.006
1968,22,0.007
1968,23,0.008
1968,24,0.01
1968,25,0.011
1968,26,0.012
1968,27,0.013
1968,28,0.015
1968,29,0.016
1968,30,0.017
1968,31,0.018
1968,32,0.019
1968,33,0.02
1968,34,0.021
1968,35,0.022
1968,36,0.022
1968,37,0.023
1968,38,0.024
1968,39,0.025
1968,40,0.026
1968,41,0.027
1968,42,0.028
1968,43,0.029
1968,44,0.03
1968,45,0.032
1968,46,0.033
1968,47,0.034
1968,48,0.036
1968,49,0.038
1968,50,0.04
1968,51,0.042
1968,52,0.044
1968,53,0.046
1968,54,0.048
1968,55,0.051
1968,56,0.053
1968,57,0.056
1968,58,0.059
1968,59,0.062
1968,60,0.065
1968,61,0.068
1968,62,0.071
1968,63,0.074
1968,64,0.078
1968,65,0.081
1968,66,0.085
1968,67,0.089
1968,68,0.093
1968,69,0.097
1968,70,0.101
1968,71,0.106
1968,72,0.111
1968,73,0.116
1968,74,0.121
1968,75,0.127
1968,76,0.133
1968,77,0.139
1968,78,0.146
1968,79,0.153
1968,80,0.161
1968,81,0.169
1968,82,0.177
1968,83,0.186
1968,84,0.195
1968,85,0.205
1968,86,0.215
1968,87,0.226
1968,88,0.238
1968,89,0.25
1968,90,0.263
1968,91,0.276
1968,92,0.291
1968,93,0.306
1968,94,0.322
1968,95,0.339
1968,96,0.357
1968,97,0.377
1968,98,0.398
1968,99,0.42
1968,100,0.444
1969,15,0
1969,16,0.001
1969,17,0.001
1969,18,0.002
1969,19,0.003
1969,20,0.004
1969,21,0.006
1969,22,0.007
1969,23,0.008
1969,24,0.009
1969,25,0.011
1969,26,0.012
1969,27,0.013
1969,28,0.014
1969,29,0.015
1969,30,0.016
1969,31,0.017
1969,32,0.018
1969,33,0.019
1969,34,0.02
1969,35,0.021
1969,36,0.022
1969,37,0.023
1969,38,0.024
1969,39,0.025
1969,40,0.026
1969,41,0.027
1969,42,0.028
1969,43,0.029
1969,44,0.03
1969,45,0.031
1969,46,0.032
1969,47,0.034
1969,48,0.035
1969,49,0.037
1969,50,0.039
1969,51,0.041
1969,52,0.043
1969,53,0.046
1969,54,0.048
1969,55,0.051
1969,56,0.053
1969,57,0.056
1969,58,0.059
1969,59,0.062
1969,60,0.065
1969,61,0.068
1969,62,0.071
1969,63,0.074
1969,64,0.077
1969,65,0.081
1969,66,0.085
1969,67,0.088
1969,68,0.092
1969,69,0.096
1969,70,0.101
1969,71,0.105
1969,72,0.11
1969,73,0.115
1969,74,0.121
1969,75,0.126
1969,76,0.132
1969,77,0.139
1969,78,0.145
1969,79,0.152
1969,80,0.16
1969,81,0.168
1969,82,0.176
1969,83,0.185
1969,84,0.194
1969,85,0.204
1969,86,0.214
1969,87,0.225
1969,88,0.236
1969,89,0.248
1969,90,0.261
1969,91,0.275
1969,92,0.289
1969,93,0.304
1969,94,0.32
1969,95,0.337
1969,96,0.355
1969,97,0.375
1969,98,0.396
1969,99,0.418
1969,100,0.442
1970,15,0
1970,16,0.001
1970,17,0.001
1970,18,0.002
1970,19,0.003
1970,20,0.004
1970,21,0.006
1970,22,0.007
1970,23,0.008
1970,24,0.009
1970,25,0.01
1970,26,0.012
1970,27,0.013
1970,28,0.014
1970,29,0.015
1970,30,0.016
1970,31,0.017
1970,32,0.018
1970,33,0.019
1970,34,0.02
1970,35,0.021
1970,36,0.022
1970,37,0.022
1970,38,0.023
1970,39,0.024
1970,40,0.025
1970,41,0.026
1970,42,0.027
1970,43,0.028
1970,44,0.029
1970,45,0.03
1970,46,0.032
1970,47,0.033
1970,48,0.035
1970,49,0.037
1970,50,0.039
1970,51,0.041
1970,52,0.043
1970,53,0.045
1970,54,0.048
1970,55,0.05
1970,56,0.053
1970,57,0.055
1970,58,0.058
1970,59,0.061
1970,60,0.064
1970,61,0.067
1970,62,0.07
1970,63,0.074
1970,64,0.077
1970,65,0.081
1970,66,0.084
1970,67,0.088
1970,68,0.092
1970,69,0.096
1970,70,0.1
1970,71,0.105
1970,72,0.11
1970,73,0.115
1970,74,0.12
1970,75,0.126
1970,76,0.132
1970,77,0.138
1970,78,0.145
1970,79,0.152
1970,80,0.159
1970,81,0.167
1970,82,0.175
1970,83,0.184
1970,84,0.193
1970,85,0.203
1970,86,0.213
1970,87,0.224
1970,88,0.235
1970,89,0.247
1970,90,0.26
1970,91,0.273
1970,92,0.287
1970,93,0.302
1970,94,0.318
1970,95,0.335
1970,96,0.353
1970,97,0.373
1970,98,0.393
1970,99,0.416
1970,100,0.44
1971,15,0
1971,16,0.001
1971,17,0.001
1971,18,0.002
1971,19,0.003
1971,20,0.004
1971,21,0.005
1971,22,0.007
1971,23,0.008
1971,24,0.009
1971,25,0.01
1971,26,0.011
1971,27,0.012
1971,28,0.013
1971,29,0.014
1971,30,0.015
1971,31,0.016
1971,32,0.017
1971,33,0.018
1971,34,0.019
1971,35,0.02
1971,36,0.021
1971,37,0.022
1971,38,0.023
1971,39,0.024
1971,40,0.025
1971,41,0.026
1971,42,0.027
1971,43,0.028
1971,44,0.029
1971,45,0.03
1971,46,0.032
1971,47,0.033
1971,48,0.035
1971,49,0.037
1971,50,0.039
1971,51,0.041
1971,52,0.043
1971,53,0.045
1971,54,0.047
1971,55,0.05
1971,56,0.052
1971,57,0.055
1971,58,0.058
1971,59,0.061
1971,60,0.064
1971,61,0.067
1971,62,0.07
1971,63,0.073
1971,64,0.077
1971,65,0.08
1971,66,0.084
1971,67,0.087
1971,68,0.091
1971,69,0.095
1971,70,0.1
1971,71,0.104
1971,72,0.109
1971,73,0.114
1971,74,0.119
1971,75,0.125
1971,76,0.131
1971,77,0.137
1971,78,0.144
1971,79,0.151
1971,80,0.158
1971,81,0.166
1971,82,0.174
1971,83,0.183
1971,84,0.192
1971,85,0.201
1971,86,0.212
1971,87,0.222
1971,88,0.234
1971,89,0.245
1971,90,0.258
1971,91,0.271
1971,92,0.286
1971,93,0.3
1971,94,0.316
1971,95,0.333
1971,96,0.351
1971,97,0.371
1971,98,0.391
1971,99,0.414
1971,100,0.437
1972,15,0
1972,16,0.001
1972,17,0.001
1972,18,0.002
1972,19,0.003
1972,20,0.004
1972,21,0.005
1972,22,0.006
1972,23,0.008
1972,24,0.009
1972,25,0.01
1972,26,0.011
1972,27,0.012
1972,28,0.013
1972,29,0.014
1972,30,0.015
1972,31,0.016
1972,32,0.017
1972,33,0.018
1972,34,0.019
1972,35,0.02
1972,36,0.021
1972,37,0.022
1972,38,0.022
1972,39,0.023
1972,40,0.024
1972,41,0.025
1972,42,0.026
1972,43,0.027
1972,44,0.028
1972,45,0.03
1972,46,0.031
1972,47,0.033
1972,48,0.035
1972,49,0.036
1972,50,0.038
1972,51,0.04
1972,52,0.042
1972,53,0.045
1972,54,0.047
1972,55,0.05
1972,56,0.052
1972,57,0.055
1972,58,0.058
1972,59,0.06
1972,60,0.063
1972,61,0.066
1972,62,0.07
1972,63,0.073
1972,64,0.076
1972,65,0.08
1972,66,0.083
1972,67,0.087
1972,68,0.091
1972,69,0.095
1972,70,0.099
1972,71,0.104
1972,72,0.108
1972,73,0.113
1972,74,0.119
1972,75,0.124
1972,76,0.13
1972,77,0.136
1972,78,0.143
1972,79,0.15
1972,80,0.157
1972,81,0.165
1972,82,0.173
1972,83,0.182
1972,84,0.191
1972,85,0.2
1972,86,0.21
1972,87,0.221
1972,88,0.232
1972,89,0.244
1972,90,0.257
1972,91,0.27
1972,92,0.284
1972,93,0.299
1972,94,0.315
1972,95,0.332
1972,96,0.35
1972,97,0.369
1972,98,0.389
1972,99,0.412
1972,100,0.435
1973,15,0
1973,16,0.001
1973,17,0.001
1973,18,0.002
1973,19,0.003
1973,20,0.004
1973,21,0.005
1973,22,0.006
1973,23,0.007
1973,24,0.008
1973,25,0.009
1973,26,0.011
1973,27,0.012
1973,28,0.013
1973,29,0.014
1973,30,0.015
1973,31,0.016
1973,32,0.017
1973,33,0.018
1973,34,0.019
1973,35,0.019
1973,36,0.02
1973,37,0.021
1973,38,0.022
1973,39,0.023
1973,40,0.024
1973,41,0.025
1973,42,0.026
1973,43,0.027
1973,44,0.028
1973,45,0.029
1973,46,0.031
1973,47,0.033
1973,48,0.034
1973,49,0.036
1973,50,0.038
1973,51,0.04
1973,52,0.042
1973,53,0.044
1973,54,0.047
1973,55,0.049
1973,56,0.052
1973,57,0.054
1973,58,0.057
1973,59,0.06
1973,60,0.063
1973,61,0.066
1973,62,0.069
1973,63,0.072
1973,64,0.076
1973,65,0.079
1973,66,0.083
1973,67,0.086
1973,68,0.09
1973,69,0.094
1973,70,0.099
1973,71,0.103
1973,72,0.108
1973,73,0.113
1973,74,0.118
1973,75,0.123
1973,76,0.129
1973,77,0.135
1973,78,0.142
1973,79,0.149
1973,80,0.156
1973,81,0.164
1973,82,0.172
1973,83,0.18
1973,84,0.19
1973,85,0.199
1973,86,0.209
1973,87,0.22
1973,88,0.231
1973,89,0.243
1973,90,0.255
1973,91,0.268
1973,92,0.282
1973,93,0.297
1973,94,0.313
1973,95,0.33
1973,96,0.348
1973,97,0.367
1973,98,0.387
1973,99,0.409
1973,100,0.433
1974,15,0
1974,16,0.001
1974,17,0.001
1974,18,0.002
1974,19,0.003
1974,20,0.004
1974,21,0.005
1974,22,0.006
1974,23,0.007
1974,24,0.008
1974,25,0.009
1974,26,0.01
1974,27,0.011
1974,28,0.012
1974,29,0.013
1974,30,0.014
1974,31,0.015
1974,32,0.016
1974,33,0.017
1974,34,0.018
1974,35,0.019
1974,36,0.02
1974,37,0.021
1974,38,0.022
1974,39,0.022
1974,40,0.023
1974,41,0.024
1974,42,0.025
1974,43,0.026
1974,44,0.028
1974,45,0.029
1974,46,0.031
1974,47,0.032
1974,48,0.034
1974,49,0.036
1974,50,0.038
1974,51,0.04
1974,52,0.042
1974,53,0.044
1974,54,0.046
1974,55,0.049
1974,56,0.051
1974,57,0.054
1974,58,0.057
1974,59,0.06
1974,60,0.063
1974,61,0.066
1974,62,0.069
1974,63,0.072
1974,64,0.075
1974,65,0.079
1974,66,0.082
1974,67,0.086
1974,68,0.09
1974,69,0.094
1974,70,0.098
1974,71,0.102
1974,72,0.107
1974,73,0.112
1974,74,0.117
1974,75,0.123
1974,76,0.128
1974,77,0.134
1974,78,0.141
1974,79,0.148
1974,80,0.155
1974,81,0.163
1974,82,0.171
1974,83,0.179
1974,84,0.188
1974,85,0.198
1974,86,0.208
1974,87,0.218
1974,88,0.229
1974,89,0.241
1974,90,0.253
1974,91,0.266
1974,92,0.28
1974,93,0.295
1974,94,0.311
1974,95,0.327
1974,96,0.345
1974,97,0.364
1974,98,0.385
1974,99,0.407
1974,100,0.43
1975,15,0
1975,16,0.001
1975,17,0.001
1975,18,0.002
1975,19,0.003
1975,20,0.004
1975,21,0.005
1975,22,0.006
1975,23,0.007
1975,24,0.008
1975,25,0.009
1975,26,0.01
1975,27,0.011
1975,28,0.012
1975,29,0.013
1975,30,0.014
1975,31,0.015
1975,32,0.016
1975,33,0.017
1975,34,0.018
1975,35,0.019
1975,36,0.019
1975,37,0.02
1975,38,0.021
1975,39,0.022
1975,40,0.023
1975,41,0.024
1975,42,0.025
1975,43,0.026
1975,44,0.027
1975,45,0.029
1975,46,0.03
1975,47,0.032
1975,48,0.034
1975,49,0.035
1975,50,0.037
1975,51,0.039
1975,52,0.041
1975,53,0.044
1975,54,0.046
1975,55,0.048
1975,56,0.051
1975,57,0.054
1975,58,0.056
1975,59,0.059
1975,60,0.062
1975,61,0.065
1975,62,0.068
1975,63,0.071
1975,64,0.075
1975,65,0.078
1975,66,0.082
1975,67,0.085
1975,68,0.089
1975,69,0.093
1975,70,0.097
1975,71,0.102
1975,72,0.106
1975,73,0.111
1975,74,0.116
1975,75,0.122
1975,76,0.127
1975,77,0.133
1975,78,0.14
1975,79,0.146
1975,80,0.154
1975,81,0.161
1975,82,0.169
1975,83,0.178
1975,84,0.186
1975,85,0.196
1975,86,0.206
1975,87,0.216
1975,88,0.227
1975,89,0.239
1975,90,0.251
1975,91,0.264
1975,92,0.278
1975,93,0.292
1975,94,0.308
1975,95,0.325
1975,96,0.342
1975,97,0.361
1975,98,0.382
1975,99,0.403
1975,100,0.427
1976,15,0
1976,16,0.001
1976,17,0.001
1976,18,0.002
1976,19,0.003
1976,20,0.004
1976,21,0.005
1976,22,0.006
1976,23,0.007
1976,24,0.008
1976,25,0.009
1976,26,0.01
1976,27,0.011
1976,28,0.012
1976,29,0.013
1976,30,0.014
1976,31,0.015
1976,32,0.016
1976,33,0.017
1976,34,0.017
1976,35,0.018
1976,36,0.019
1976,37,0.02
1976,38,0.021
1976,39,0.022
1976,40,0.022
1976,41,0.023
1976,42,0.025
1976,43,0.026
1976,44,0.027
1976,45,0.028
1976,46,0.03
1976,47,0.031
1976,48,0.033
1976,49,0.035
1976,50,0.037
1976,51,0.039
1976,52,0.041
1976,53,0.043
1976,54,0.045
1976,55,0.048
1976,56,0.05
1976,57,0.053
1976,58,0.056
1976,59,0.058
1976,60,0.061
1976,61,0.064
1976,62,0.067
1976,63,0.07
1976,64,0.074
1976,65,0.077
1976,66,0.081
1976,67,0.084
1976,68,0.088
1976,69,0.092
1976,70,0.096
1976,71,0.1
1976,72,0.105
1976,73,0.11
1976,74,0.115
1976,75,0.12
1976,76,0.126
1976,77,0.132
1976,78,0.138
1976,79,0.145
1976,80,0.152
1976,81,0.159
1976,82,0.167
1976,83,0.176
1976,84,0.184
1976,85,0.194
1976,86,0.203
1976,87,0.214
1976,88,0.225
1976,89,0.236
1976,90,0.248
1976,91,0.261
1976,92,0.275
1976,93,0.289
1976,94,0.305
1976,95,0.321
1976,96,0.339
1976,97,0.357
1976,98,0.378
1976,99,0.399
1976,100,0.422
1977,15,0
1977,16,0.001
1977,17,0.001
1977,18,0.002
1977,19,0.003
1977,20,0.003
1977,21,0.004
1977,22,0.005
1977,23,0.006
1977,24,0.007
1977,25,0.008
1977,26,0.009
1977,27,0.01
1977,28,0.011
1977,29,0.012
1977,30,0.013
1977,31,0.014
1977,32,0.015
1977,33,0.016
1977,34,0.017
1977,35,0.018
1977,36,0.019
1977,37,0.019
1977,38,0.02
1977,39,0.021
1977,40,0.022
1977,41,0.023
1977,42,0.024
1977,43,0.025
1977,44,0.027
1977,45,0.028
1977,46,0.029
1977,47,0.031
1977,48,0.032
1977,49,0.034
1977,50,0.036
1977,51,0.038
1977,52,0.04
1977,53,0.042
1977,54,0.045
1977,55,0.047
1977,56,0.05
1977,57,0.052
1977,58,0.055
1977,59,0.058
1977,60,0.06
1977,61,0.063
1977,62,0.066
1977,63,0.07
1977,64,0.073
1977,65,0.076
1977,66,0.08
1977,67,0.083
1977,68,0.087
1977,69,0.091
1977,70,0.095
1977,71,0.099
1977,72,0.104
1977,73,0.108
1977,74,0.113
1977,75,0.119
1977,76,0.124
1977,77,0.13
1977,78,0.136
1977,79,0.143
1977,80,0.15
1977,81,0.157
1977,82,0.165
1977,83,0.173
1977,84,0.182
1977,85,0.191
1977,86,0.201
1977,87,0.211
1977,88,0.222
1977,89,0.233
1977,90,0.245
1977,91,0.258
1977,92,0.271
1977,93,0.285
1977,94,0.301
1977,95,0.317
1977,96,0.334
1977,97,0.353
1977,98,0.373
1977,99,0.394
1977,100,0.417
1978,15,0
1978,16,0
1978,17,0.001
1978,18,0.002
1978,19,0.002
1978,20,0.003
1978,21,0.004
1978,22,0.005
1978,23,0.006
1978,24,0.007
1978,25,0.008
1978,26,0.009
1978,27,0.01
1978,28,0.011
1978,29,0.012
1978,30,0.013
1978,31,0.014
1978,32,0.015
1978,33,0.016
1978,34,0.017
1978,35,0.017
1978,36,0.018
1978,37,0.019
1978,38,0.02
1978,39,0.021
1978,40,0.022
1978,41,0.023
1978,42,0.024
1978,43,0.025
1978,44,0.026
1978,45,0.027
1978,46,0.029
1978,47,0.03
1978,48,0.032
1978,49,0.034
1978,50,0.035
1978,51,0.037
1978,52,0.039
1978,53,0.042
1978,54,0.044
1978,55,0.046
1978,56,0.049
1978,57,0.051
1978,58,0.054
1978,59,0.057
1978,60,0.06
1978,61,0.062
1978,62,0.065
1978,63,0.069
1978,64,0.072
1978,65,0.075
1978,66,0.078
1978,67,0.082
1978,68,0.086
1978,69,0.089
1978,70,0.093
1978,71,0.098
1978,72,0.102
1978,73,0.107
1978,74,0.112
1978,75,0.117
1978,76,0.122
1978,77,0.128
1978,78,0.134
1978,79,0.141
1978,80,0.148
1978,81,0.155
1978,82,0.162
1978,83,0.171
1978,84,0.179
1978,85,0.188
1978,86,0.198
1978,87,0.208
1978,88,0.218
1978,89,0.229
1978,90,0.241
1978,91,0.254
1978,92,0.267
1978,93,0.281
1978,94,0.296
1978,95,0.312
1978,96,0.329
1978,97,0.347
1978,98,0.367
1978,99,0.388
1978,100,0.411
1979,15,0
1979,16,0
1979,17,0.001
1979,18,0.002
1979,19,0.002
1979,20,0.003
1979,21,0.004
1979,22,0.005
1979,23,0.006
1979,24,0.007
1979,25,0.008
1979,26,0.009
1979,27,0.01
1979,28,0.011
1979,29,0.012
1979,30,0.013
1979,31,0.014
1979,32,0.015
1979,33,0.015
1979,34,0.016
1979,35,0.017
1979,36,0.018
1979,37,0.019
1979,38,0.019
1979,39,0.02
1979,40,0.021
1979,41,0.022
1979,42,0.023
1979,43,0.024
1979,44,0.026
1979,45,0.027
1979,46,0.028
1979,47,0.03
1979,48,0.031
1979,49,0.033
1979,50,0.035
1979,51,0.037
1979,52,0.039
1979,53,0.041
1979,54,0.043
1979,55,0.046
1979,56,0.048
1979,57,0.05
1979,58,0.053
1979,59,0.056
1979,60,0.059
1979,61,0.061
1979,62,0.064
1979,63,0.068
1979,64,0.071
1979,65,0.074
1979,66,0.077
1979,67,0.081
1979,68,0.084
1979,69,0.088
1979,70,0.092
1979,71,0.096
1979,72,0.101
1979,73,0.105
1979,74,0.11
1979,75,0.115
1979,76,0.12
1979,77,0.126
1979,78,0.132
1979,79,0.138
1979,80,0.145
1979,81,0.152
1979,82,0.16
1979,83,0.168
1979,84,0.176
1979,85,0.185
1979,86,0.194
1979,87,0.204
1979,88,0.215
1979,89,0.226
1979,90,0.237
1979,91,0.25
1979,92,0.263
1979,93,0.277
1979,94,0.291
1979,95,0.307
1979,96,0.324
1979,97,0.342
1979,98,0.361
1979,99,0.382
1979,100,0.405
1980,15,0
1980,16,0
1980,17,0.001
1980,18,0.002
1980,19,0.002
1980,20,0.003
1980,21,0.004
1980,22,0.005
1980,23,0.006
1980,24,0.007
1980,25,0.008
1980,26,0.009
1980,27,0.01
1980,28,0.011
1980,29,0.012
1980,30,0.013
1980,31,0.013
1980,32,0.014
1980,33,0.015
1980,34,0.016
1980,35,0.017
1980,36,0.017
1980,37,0.018
1980,38,0.019
1980,39,0.02
1980,40,0.021
1980,41,0.022
1980,42,0.023
1980,43,0.024
1980,44,0.025
1980,45,0.026
1980,46,0.028
1980,47,0.029
1980,48,0.031
1980,49,0.032
1980,50,0.034
1980,51,0.036
1980,52,0.038
1980,53,0.04
1980,54,0.042
1980,55,0.045
1980,56,0.047
1980,57,0.05
1980,58,0.052
1980,59,0.055
1980,60,0.058
1980,61,0.061
1980,62,0.063
1980,63,0.066
1980,64,0.07
1980,65,0.073
1980,66,0.076
1980,67,0.079
1980,68,0.083
1980,69,0.087
1980,70,0.091
1980,71,0.095
1980,72,0.099
1980,73,0.103
1980,74,0.108
1980,75,0.113
1980,76,0.118
1980,77,0.124
1980,78,0.13
1980,79,0.136
1980,80,0.143
1980,81,0.15
1980,82,0.157
1980,83,0.165
1980,84,0.173
1980,85,0.182
1980,86,0.191
1980,87,0.201
1980,88,0.211
1980,89,0.222
1980,90,0.233
1980,91,0.246
1980,92,0.258
1980,93,0.272
1980,94,0.287
1980,95,0.302
1980,96,0.319
1980,97,0.337
1980,98,0.356
1980,99,0.376
1980,100,0.398
1981,15,0
1981,16,0
1981,17,0.001
1981,18,0.001
1981,19,0.002
1981,20,0.003
1981,21,0.004
1981,22,0.005
1981,23,0.006
1981,24,0.006
1981,25,0.007
1981,26,0.008
1981,27,0.009
1981,28,0.01
1981,29,0.011
1981,30,0.012
1981,31,0.013
1981,32,0.014
1981,33,0.015
1981,34,0.016
1981,35,0.016
1981,36,0.017
1981,37,0.018
1981,38,0.019
1981,39,0.02
1981,40,0.021
1981,41,0.022
1981,42,0.023
1981,43,0.024
1981,44,0.025
1981,45,0.026
1981,46,0.027
1981,47,0.029
1981,48,0.03
1981,49,0.032
1981,50,0.034
1981,51,0.035
1981,52,0.037
1981,53,0.039
1981,54,0.042
1981,55,0.044
1981,56,0.046
1981,57,0.049
1981,58,0.051
1981,59,0.054
1981,60,0.057
1981,61,0.06
1981,62,0.062
1981,63,0.065
1981,64,0.068
1981,65,0.072
1981,66,0.075
1981,67,0.078
1981,68,0.082
1981,69,0.085
1981,70,0.089
1981,71,0.093
1981,72,0.097
1981,73,0.102
1981,74,0.106
1981,75,0.111
1981,76,0.117
1981,77,0.122
1981,78,0.128
1981,79,0.134
1981,80,0.141
1981,81,0.147
1981,82,0.155
1981,83,0.162
1981,84,0.17
1981,85,0.179
1981,86,0.188
1981,87,0.198
1981,88,0.208
1981,89,0.218
1981,90,0.23
1981,91,0.242
1981,92,0.254
1981,93,0.268
1981,94,0.282
1981,95,0.297
1981,96,0.313
1981,97,0.331
1981,98,0.35
1981,99,0.37
1981,100,0.392
1982,15,0
1982,16,0
1982,17,0.001
1982,18,0.001
1982,19,0.002
1982,20,0.003
1982,21,0.004
1982,22,0.005
1982,23,0.005
1982,24,0.006
1982,25,0.007
1982,26,0.008
1982,27,0.009
1982,28,0.01
1982,29,0.011
1982,30,0.012
1982,31,0.013
1982,32,0.014
1982,33,0.014
1982,34,0.015
1982,35,0.016
1982,36,0.017
1982,37,0.018
1982,38,0.018
1982,39,0.019
1982,40,0.02
1982,41,0.021
1982,42,0.022
1982,43,0.023
1982,44,0.024
1982,45,0.025
1982,46,0.027
1982,47,0.028
1982,48,0.03
1982,49,0.031
1982,50,0.033
1982,51,0.035
1982,52,0.037
1982,53,0.039
1982,54,0.041
1982,55,0.043
1982,56,0.046
1982,57,0.048
1982,58,0.05
1982,59,0.053
1982,60,0.056
1982,61,0.059
1982,62,0.061
1982,63,0.064
1982,64,0.067
1982,65,0.07
1982,66,0.074
1982,67,0.077
1982,68,0.08
1982,69,0.084
1982,70,0.088
1982,71,0.092
1982,72,0.096
1982,73,0.1
1982,74,0.105
1982,75,0.109
1982,76,0.115
1982,77,0.12
1982,78,0.126
1982,79,0.132
1982,80,0.138
1982,81,0.145
1982,82,0.152
1982,83,0.16
1982,84,0.168
1982,85,0.176
1982,86,0.185
1982,87,0.194
1982,88,0.204
1982,89,0.215
1982,90,0.226
1982,91,0.237
1982,92,0.25
1982,93,0.263
1982,94,0.277
1982,95,0.292
1982,96,0.308
1982,97,0.325
1982,98,0.344
1982,99,0.364
1982,100,0.385
1983,15,0
1983,16,0
1983,17,0.001
1983,18,0.001
1983,19,0.002
1983,20,0.003
1983,21,0.004
1983,22,0.004
1983,23,0.005
1983,24,0.006
1983,25,0.007
1983,26,0.008
1983,27,0.009
1983,28,0.01
1983,29,0.011
1983,30,0.012
1983,31,0.012
1983,32,0.013
1983,33,0.014
1983,34,0.015
1983,35,0.016
1983,36,0.017
1983,37,0.017
1983,38,0.018
1983,39,0.019
1983,40,0.02
1983,41,0.021
1983,42,0.022
1983,43,0.023
1983,44,0.024
1983,45,0.025
1983,46,0.026
1983,47,0.028
1983,48,0.029
1983,49,0.031
1983,50,0.032
1983,51,0.034
1983,52,0.036
1983,53,0.038
1983,54,0.04
1983,55,0.042
1983,56,0.045
1983,57,0.047
1983,58,0.05
1983,59,0.052
1983,60,0.055
1983,61,0.058
1983,62,0.06
1983,63,0.063
1983,64,0.066
1983,65,0.069
1983,66,0.072
1983,67,0.076
1983,68,0.079
1983,69,0.083
1983,70,0.086
1983,71,0.09
1983,72,0.094
1983,73,0.098
1983,74,0.103
1983,75,0.108
1983,76,0.113
1983,77,0.118
1983,78,0.124
1983,79,0.129
1983,80,0.136
1983,81,0.142
1983,82,0.149
1983,83,0.157
1983,84,0.165
1983,85,0.173
1983,86,0.182
1983,87,0.191
1983,88,0.201
1983,89,0.211
1983,90,0.222
1983,91,0.233
1983,92,0.245
1983,93,0.258
1983,94,0.272
1983,95,0.287
1983,96,0.303
1983,97,0.32
1983,98,0.338
1983,99,0.357
1983,100,0.378
1984,15,0
1984,16,0
1984,17,0.001
1984,18,0.001
1984,19,0.002
1984,20,0.003
1984,21,0.003
1984,22,0.004
1984,23,0.005
1984,24,0.006
1984,25,0.007
1984,26,0.008
1984,27,0.009
1984,28,0.01
1984,29,0.01
1984,30,0.011
1984,31,0.012
1984,32,0.013
1984,33,0.014
1984,34,0.015
1984,35,0.015
1984,36,0.016
1984,37,0.017
1984,38,0.018
1984,39,0.019
1984,40,0.02
1984,41,0.02
1984,42,0.021
1984,43,0.022
1984,44,0.023
1984,45,0.025
1984,46,0.026
1984,47,0.027
1984,48,0.029
1984,49,0.03
1984,50,0.032
1984,51,0.034
1984,52,0.035
1984,53,0.037
1984,54,0.039
1984,55,0.042
1984,56,0.044
1984,57,0.046
1984,58,0.049
1984,59,0.051
1984,60,0.054
1984,61,0.057
1984,62,0.059
1984,63,0.062
1984,64,0.065
1984,65,0.068
1984,66,0.071
1984,67,0.074
1984,68,0.078
1984,69,0.081
1984,70,0.085
1984,71,0.089
1984,72,0.092
1984,73,0.097
1984,74,0.101
1984,75,0.106
1984,76,0.111
1984,77,0.116
1984,78,0.121
1984,79,0.127
1984,80,0.133
1984,81,0.14
1984,82,0.147
1984,83,0.154
1984,84,0.162
1984,85,0.17
1984,86,0.178
1984,87,0.187
1984,88,0.197
1984,89,0.207
1984,90,0.218
1984,91,0.229
1984,92,0.241
1984,93,0.254
1984,94,0.267
1984,95,0.282
1984,96,0.297
1984,97,0.314
1984,98,0.332
1984,99,0.351
1984,100,0.372
1985,15,0
1985,16,0
1985,17,0.001
1985,18,0.001
1985,19,0.002
1985,20,0.003
1985,21,0.003
1985,22,0.004
1985,23,0.005
1985,24,0.006
1985,25,0.007
1985,26,0.008
1985,27,0.009
1985,28,0.009
1985,29,0.01
1985,30,0.011
1985,31,0.012
1985,32,0.013
1985,33,0.013
1985,34,0.014
1985,35,0.015
1985,36,0.016
1985,37,0.017
1985,38,0.018
1985,39,0.018
1985,40,0.019
1985,41,0.02
1985,42,0.021
1985,43,0.022
1985,44,0.023
1985,45,0.024
1985,46,0.025
1985,47,0.027
1985,48,0.028
1985,49,0.03
1985,50,0.031
1985,51,0.033
1985,52,0.035
1985,53,0.037
1985,54,0.039
1985,55,0.041
1985,56,0.043
1985,57,0.045
1985,58,0.048
1985,59,0.05
1985,60,0.053
1985,61,0.056
1985,62,0.058
1985,63,0.061
1985,64,0.064
1985,65,0.067
1985,66,0.07
1985,67,0.073
1985,68,0.076
1985,69,0.08
1985,70,0.083
1985,71,0.087
1985,72,0.091
1985,73,0.095
1985,74,0.099
1985,75,0.104
1985,76,0.109
1985,77,0.114
1985,78,0.119
1985,79,0.125
1985,80,0.131
1985,81,0.137
1985,82,0.144
1985,83,0.151
1985,84,0.159
1985,85,0.167
1985,86,0.175
1985,87,0.184
1985,88,0.193
1985,89,0.203
1985,90,0.214
1985,91,0.225
1985,92,0.237
1985,93,0.249
1985,94,0.263
1985,95,0.277
1985,96,0.292
1985,97,0.308
1985,98,0.326
1985,99,0.345
1985,100,0.365
1986,15,0
1986,16,0
1986,17,0.001
1986,18,0.001
1986,19,0.002
1986,20,0.003
1986,21,0.003
1986,22,0.004
1986,23,0.005
1986,24,0.006
1986,25,0.007
1986,26,0.007
1986,27,0.008
1986,28,0.009
1986,29,0.01
1986,30,0.011
1986,31,0.012
1986,32,0.012
1986,33,0.013
1986,34,0.014
1986,35,0.015
1986,36,0.016
1986,37,0.016
1986,38,0.017
1986,39,0.018
1986,40,0.019
1986,41,0.02
1986,42,0.021
1986,43,0.022
1986,44,0.023
1986,45,0.024
1986,46,0.025
1986,47,0.026
1986,48,0.027
1986,49,0.029
1986,50,0.031
1986,51,0.032
1986,52,0.034
1986,53,0.036
1986,54,0.038
1986,55,0.04
1986,56,0.042
1986,57,0.045
1986,58,0.047
1986,59,0.049
1986,60,0.052
1986,61,0.055
1986,62,0.057
1986,63,0.06
1986,64,0.063
1986,65,0.066
1986,66,0.069
1986,67,0.072
1986,68,0.075
1986,69,0.078
1986,70,0.082
1986,71,0.085
1986,72,0.089
1986,73,0.093
1986,74,0.098
1986,75,0.102
1986,76,0.107
1986,77,0.112
1986,78,0.117
1986,79,0.123
1986,80,0.129
1986,81,0.135
1986,82,0.142
1986,83,0.149
1986,84,0.156
1986,85,0.164
1986,86,0.172
1986,87,0.181
1986,88,0.19
1986,89,0.2
1986,90,0.21
1986,91,0.221
1986,92,0.232
1986,93,0.245
1986,94,0.258
1986,95,0.272
1986,96,0.287
1986,97,0.303
1986,98,0.32
1986,99,0.338
1986,100,0.358
1987,15,0
1987,16,0
1987,17,0.001
1987,18,0.001
1987,19,0.002
1987,20,0.002
1987,21,0.003
1987,22,0.004
1987,23,0.005
1987,24,0.006
1987,25,0.006
1987,26,0.007
1987,27,0.008
1987,28,0.009
1987,29,0.01
1987,30,0.01
1987,31,0.011
1987,32,0.012
1987,33,0.013
1987,34,0.014
1987,35,0.015
1987,36,0.015
1987,37,0.016
1987,38,0.017
1987,39,0.018
1987,40,0.019
1987,41,0.019
1987,42,0.02
1987,43,0.021
1987,44,0.022
1987,45,0.023
1987,46,0.024
1987,47,0.026
1987,48,0.027
1987,49,0.028
1987,50,0.03
1987,51,0.032
1987,52,0.033
1987,53,0.035
1987,54,0.037
1987,55,0.039
1987,56,0.042
1987,57,0.044
1987,58,0.046
1987,59,0.049
1987,60,0.051
1987,61,0.054
1987,62,0.056
1987,63,0.059
1987,64,0.062
1987,65,0.065
1987,66,0.068
1987,67,0.071
1987,68,0.074
1987,69,0.077
1987,70,0.08
1987,71,0.084
1987,72,0.088
1987,73,0.092
1987,74,0.096
1987,75,0.1
1987,76,0.105
1987,77,0.11
1987,78,0.115
1987,79,0.121
1987,80,0.126
1987,81,0.133
1987,82,0.139
1987,83,0.146
1987,84,0.153
1987,85,0.161
1987,86,0.169
1987,87,0.177
1987,88,0.186
1987,89,0.196
1987,90,0.206
1987,91,0.217
1987,92,0.228
1987,93,0.24
1987,94,0.253
1987,95,0.267
1987,96,0.282
1987,97,0.297
1987,98,0.314
1987,99,0.332
1987,100,0.352
1988,15,0
1988,16,0
1988,17,0.001
1988,18,0.001
1988,19,0.002
1988,20,0.002
1988,21,0.003
1988,22,0.004
1988,23,0.005
1988,24,0.005
1988,25,0.006
1988,26,0.007
1988,27,0.008
1988,28,0.009
1988,29,0.009
1988,30,0.01
1988,31,0.011
1988,32,0.012
1988,33,0.013
1988,34,0.014
1988,35,0.014
1988,36,0.015
1988,37,0.016
1988,38,0.017
1988,39,0.018
1988,40,0.018
1988,41,0.019
1988,42,0.02
1988,43,0.021
1988,44,0.022
1988,45,0.023
1988,46,0.024
1988,47,0.025
1988,48,0.026
1988,49,0.028
1988,50,0.029
1988,51,0.031
1988,52,0.033
1988,53,0.035
1988,54,0.037
1988,55,0.039
1988,56,0.041
1988,57,0.043
1988,58,0.045
1988,59,0.048
1988,60,0.05
1988,61,0.053
1988,62,0.055
1988,63,0.058
1988,64,0.061
1988,65,0.063
1988,66,0.066
1988,67,0.069
1988,68,0.072
1988,69,0.076
1988,70,0.079
1988,71,0.083
1988,72,0.086
1988,73,0.09
1988,74,0.094
1988,75,0.098
1988,76,0.103
1988,77,0.108
1988,78,0.113
1988,79,0.118
1988,80,0.124
1988,81,0.13
1988,82,0.136
1988,83,0.143
1988,84,0.15
1988,85,0.158
1988,86,0.166
1988,87,0.174
1988,88,0.183
1988,89,0.192
1988,90,0.202
1988,91,0.213
1988,92,0.224
1988,93,0.236
1988,94,0.248
1988,95,0.262
1988,96,0.276
1988,97,0.292
1988,98,0.308
1988,99,0.326
1988,100,0.345
1989,15,0
1989,16,0
1989,17,0.001
1989,18,0.001
1989,19,0.002
1989,20,0.002
1989,21,0.003
1989,22,0.004
1989,23,0.004
1989,24,0.005
1989,25,0.006
1989,26,0.007
1989,27,0.007
1989,28,0.008
1989,29,0.009
1989,30,0.01
1989,31,0.011
1989,32,0.012
1989,33,0.012
1989,34,0.013
1989,35,0.014
1989,36,0.015
1989,37,0.016
1989,38,0.017
1989,39,0.017
1989,40,0.018
1989,41,0.019
1989,42,0.02
1989,43,0.02
1989,44,0.021
1989,45,0.022
1989,46,0.023
1989,47,0.025
1989,48,0.026
1989,49,0.027
1989,50,0.029
1989,51,0.03
1989,52,0.032
1989,53,0.034
1989,54,0.036
1989,55,0.038
1989,56,0.04
1989,57,0.042
1989,58,0.044
1989,59,0.047
1989,60,0.049
1989,61,0.052
1989,62,0.054
1989,63,0.057
1989,64,0.059
1989,65,0.062
1989,66,0.065
1989,67,0.068
1989,68,0.071
1989,69,0.074
1989,70,0.078
1989,71,0.081
1989,72,0.085
1989,73,0.088
1989,74,0.092
1989,75,0.097
1989,76,0.101
1989,77,0.106
1989,78,0.111
1989,79,0.116
1989,80,0.122
1989,81,0.128
1989,82,0.134
1989,83,0.14
1989,84,0.147
1989,85,0.155
1989,86,0.162
1989,87,0.171
1989,88,0.179
1989,89,0.189
1989,90,0.198
1989,91,0.209
1989,92,0.22
1989,93,0.231
1989,94,0.243
1989,95,0.257
1989,96,0.271
1989,97,0.286
1989,98,0.302
1989,99,0.319
1989,100,0.338
1990,15,0
1990,16,0
1990,17,0.001
1990,18,0.001
1990,19,0.002
1990,20,0.002
1990,21,0.003
1990,22,0.004
1990,23,0.004
1990,24,0.005
1990,25,0.006
1990,26,0.006
1990,27,0.007
1990,28,0.008
1990,29,0.009
1990,30,0.01
1990,31,0.01
1990,32,0.011
1990,33,0.012
1990,34,0.013
1990,35,0.014
1990,36,0.015
1990,37,0.015
1990,38,0.016
1990,39,0.017
1990,40,0.018
1990,41,0.018
1990,42,0.019
1990,43,0.02
1990,44,0.021
1990,45,0.022
1990,46,0.023
1990,47,0.024
1990,48,0.025
1990,49,0.027
1990,50,0.028
1990,51,0.03
1990,52,0.031
1990,53,0.033
1990,54,0.035
1990,55,0.037
1990,56,0.039
1990,57,0.041
1990,58,0.043
1990,59,0.046
1990,60,0.048
1990,61,0.051
1990,62,0.053
1990,63,0.056
1990,64,0.058
1990,65,0.061
1990,66,0.064
1990,67,0.067
1990,68,0.07
1990,69,0.073
1990,70,0.076
1990,71,0.079
1990,72,0.083
1990,73,0.087
1990,74,0.091
1990,75,0.095
1990,76,0.099
1990,77,0.104
1990,78,0.109
1990,79,0.114
1990,80,0.119
1990,81,0.125
1990,82,0.131
1990,83,0.138
1990,84,0.144
1990,85,0.152
1990,86,0.159
1990,87,0.167
1990,88,0.176
1990,89,0.185
1990,90,0.194
1990,91,0.204
1990,92,0.215
1990,93,0.226
1990,94,0.238
1990,95,0.251
1990,96,0.265
1990,97,0.28
1990,98,0.296
1990,99,0.313
1990,100,0.331
1991,15,0
1991,16,0
1991,17,0.001
1991,18,0.001
1991,19,0.002
1991,20,0.002
1991,21,0.003
1991,22,0.003
1991,23,0.004
1991,24,0.005
1991,25,0.005
1991,26,0.006
1991,27,0.007
1991,28,0.008
1991,29,0.008
1991,30,0.009
1991,31,0.01
1991,32,0.011
1991,33,0.012
1991,34,0.013
1991,35,0.014
1991,36,0.014
1991,37,0.015
1991,38,0.016
1991,39,0.017
1991,40,0.017
1991,41,0.018
1991,42,0.019
1991,43,0.02
1991,44,0.02
1991,45,0.021
1991,46,0.022
1991,47,0.024
1991,48,0.025
1991,49,0.026
1991,50,0.028
1991,51,0.029
1991,52,0.031
1991,53,0.032
1991,54,0.034
1991,55,0.036
1991,56,0.038
1991,57,0.04
1991,58,0.043
1991,59,0.045
1991,60,0.047
1991,61,0.049
1991,62,0.052
1991,63,0.054
1991,64,0.057
1991,65,0.06
1991,66,0.062
1991,67,0.065
1991,68,0.068
1991,69,0.071
1991,70,0.075
1991,71,0.078
1991,72,0.081
1991,73,0.085
1991,74,0.089
1991,75,0.093
1991,76,0.097
1991,77,0.102
1991,78,0.106
1991,79,0.111
1991,80,0.117
1991,81,0.122
1991,82,0.128
1991,83,0.135
1991,84,0.141
1991,85,0.148
1991,86,0.156
1991,87,0.164
1991,88,0.172
1991,89,0.181
1991,90,0.19
1991,91,0.2
1991,92,0.21
1991,93,0.222
1991,94,0.233
1991,95,0.246
1991,96,0.259
1991,97,0.274
1991,98,0.289
1991,99,0.306
1991,100,0.324
1992,15,0
1992,16,0
1992,17,0.001
1992,18,0.001
1992,19,0.001
1992,20,0.002
1992,21,0.003
1992,22,0.003
1992,23,0.004
1992,24,0.004
1992,25,0.005
1992,26,0.006
1992,27,0.007
1992,28,0.007
1992,29,0.008
1992,30,0.009
1992,31,0.01
1992,32,0.011
1992,33,0.012
1992,34,0.013
1992,35,0.013
1992,36,0.014
1992,37,0.015
1992,38,0.016
1992,39,0.016
1992,40,0.017
1992,41,0.018
1992,42,0.018
1992,43,0.019
1992,44,0.02
1992,45,0.021
1992,46,0.022
1992,47,0.023
1992,48,0.024
1992,49,0.025
1992,50,0.027
1992,51,0.028
1992,52,0.03
1992,53,0.032
1992,54,0.033
1992,55,0.035
1992,56,0.037
1992,57,0.039
1992,58,0.042
1992,59,0.044
1992,60,0.046
1992,61,0.048
1992,62,0.051
1992,63,0.053
1992,64,0.056
1992,65,0.059
1992,66,0.061
1992,67,0.064
1992,68,0.067
1992,69,0.07
1992,70,0.073
1992,71,0.076
1992,72,0.08
1992,73,0.083
1992,74,0.087
1992,75,0.091
1992,76,0.095
1992,77,0.099
1992,78,0.104
1992,79,0.109
1992,80,0.114
1992,81,0.12
1992,82,0.126
1992,83,0.132
1992,84,0.138
1992,85,0.145
1992,86,0.152
1992,87,0.16
1992,88,0.168
1992,89,0.177
1992,90,0.186
1992,91,0.196
1992,92,0.206
1992,93,0.217
1992,94,0.228
1992,95,0.241
1992,96,0.254
1992,97,0.268
1992,98,0.283
1992,99,0.299
1992,100,0.317
1993,15,0
1993,16,0
1993,17,0.001
1993,18,0.001
1993,19,0.001
1993,20,0.002
1993,21,0.002
1993,22,0.003
1993,23,0.004
1993,24,0.004
1993,25,0.005
1993,26,0.006
1993,27,0.006
1993,28,0.007
1993,29,0.008
1993,30,0.009
1993,31,0.01
1993,32,0.011
1993,33,0.012
1993,34,0.012
1993,35,0.013
1993,36,0.014
1993,37,0.015
1993,38,0.015
1993,39,0.016
1993,40,0.017
1993,41,0.017
1993,42,0.018
1993,43,0.019
1993,44,0.02
1993,45,0.02
1993,46,0.021
1993,47,0.022
1993,48,0.024
1993,49,0.025
1993,50,0.026
1993,51,0.028
1993,52,0.029
1993,53,0.031
1993,54,0.033
1993,55,0.035
1993,56,0.036
1993,57,0.039
1993,58,0.041
1993,59,0.043
1993,60,0.045
1993,61,0.047
1993,62,0.05
1993,63,0.052
1993,64,0.055
1993,65,0.057
1993,66,0.06
1993,67,0.063
1993,68,0.066
1993,69,0.068
1993,70,0.072
1993,71,0.075
1993,72,0.078
1993,73,0.081
1993,74,0.085
1993,75,0.089
1993,76,0.093
1993,77,0.097
1993,78,0.102
1993,79,0.107
1993,80,0.112
1993,81,0.117
1993,82,0.123
1993,83,0.129
1993,84,0.135
1993,85,0.142
1993,86,0.149
1993,87,0.157
1993,88,0.165
1993,89,0.173
1993,90,0.182
1993,91,0.191
1993,92,0.201
1993,93,0.212
1993,94,0.223
1993,95,0.235
1993,96,0.248
1993,97,0.262
1993,98,0.277
1993,99,0.293
1993,100,0.31
1994,15,0
1994,16,0
1994,17,0.001
1994,18,0.001
1994,19,0.001
1994,20,0.002
1994,21,0.002
1994,22,0.003
1994,23,0.003
1994,24,0.004
1994,25,0.005
1994,26,0.005
1994,27,0.006
1994,28,0.007
1994,29,0.008
1994,30,0.009
1994,31,0.01
1994,32,0.011
1994,33,0.011
1994,34,0.012
1994,35,0.013
1994,36,0.014
1994,37,0.014
1994,38,0.015
1994,39,0.016
1994,40,0.016
1994,41,0.017
1994,42,0.018
1994,43,0.018
1994,44,0.019
1994,45,0.02
1994,46,0.021
1994,47,0.022
1994,48,0.023
1994,49,0.024
1994,50,0.026
1994,51,0.027
1994,52,0.029
1994,53,0.03
1994,54,0.032
1994,55,0.034
1994,56,0.036
1994,57,0.038
1994,58,0.04
1994,59,0.042
1994,60,0.044
1994,61,0.046
1994,62,0.049
1994,63,0.051
1994,64,0.054
1994,65,0.056
1994,66,0.059
1994,67,0.061
1994,68,0.064
1994,69,0.067
1994,70,0.07
1994,71,0.073
1994,72,0.076
1994,73,0.08
1994,74,0.083
1994,75,0.087
1994,76,0.091
1994,77,0.095
1994,78,0.1
1994,79,0.105
1994,80,0.11
1994,81,0.115
1994,82,0.12
1994,83,0.126
1994,84,0.133
1994,85,0.139
1994,86,0.146
1994,87,0.154
1994,88,0.161
1994,89,0.17
1994,90,0.178
1994,91,0.188
1994,92,0.197
1994,93,0.208
1994,94,0.219
1994,95,0.231
1994,96,0.243
1994,97,0.257
1994,98,0.271
1994,99,0.287
1994,100,0.303
1995,15,0
1995,16,0
1995,17,0
1995,18,0.001
1995,19,0.001
1995,20,0.002
1995,21,0.002
1995,22,0.003
1995,23,0.003
1995,24,0.004
1995,25,0.005
1995,26,0.005
1995,27,0.006
1995,28,0.007
1995,29,0.008
1995,30,0.009
1995,31,0.01
1995,32,0.01
1995,33,0.011
1995,34,0.012
1995,35,0.013
1995,36,0.013
1995,37,0.014
1995,38,0.015
1995,39,0.015
1995,40,0.016
1995,41,0.017
1995,42,0.017
1995,43,0.018
1995,44,0.019
1995,45,0.019
1995,46,0.02
1995,47,0.021
1995,48,0.023
1995,49,0.024
1995,50,0.025
1995,51,0.026
1995,52,0.028
1995,53,0.03
1995,54,0.031
1995,55,0.033
1995,56,0.035
1995,57,0.037
1995,58,0.039
1995,59,0.041
1995,60,0.043
1995,61,0.045
1995,62,0.048
1995,63,0.05
1995,64,0.053
1995,65,0.055
1995,66,0.058
1995,67,0.06
1995,68,0.063
1995,69,0.066
1995,70,0.069
1995,71,0.072
1995,72,0.075
1995,73,0.078
1995,74,0.082
1995,75,0.086
1995,76,0.09
1995,77,0.094
1995,78,0.098
1995,79,0.103
1995,80,0.107
1995,81,0.113
1995,82,0.118
1995,83,0.124
1995,84,0.13
1995,85,0.136
1995,86,0.143
1995,87,0.151
1995,88,0.158
1995,89,0.166
1995,90,0.175
1995,91,0.184
1995,92,0.193
1995,93,0.204
1995,94,0.214
1995,95,0.226
1995,96,0.238
1995,97,0.252
1995,98,0.266
1995,99,0.281
1995,100,0.297
1996,15,0
1996,16,0
1996,17,0
1996,18,0.001
1996,19,0.001
1996,20,0.002
1996,21,0.002
1996,22,0.003
1996,23,0.003
1996,24,0.004
1996,25,0.004
1996,26,0.005
1996,27,0.006
1996,28,0.007
1996,29,0.008
1996,30,0.009
1996,31,0.009
1996,32,0.01
1996,33,0.011
1996,34,0.012
1996,35,0.013
1996,36,0.013
1996,37,0.014
1996,38,0.014
1996,39,0.015
1996,40,0.016
1996,41,0.016
1996,42,0.017
1996,43,0.017
1996,44,0.018
1996,45,0.019
1996,46,0.02
1996,47,0.021
1996,48,0.022
1996,49,0.023
1996,50,0.024
1996,51,0.026
1996,52,0.027
1996,53,0.029
1996,54,0.031
1996,55,0.032
1996,56,0.034
1996,57,0.036
1996,58,0.038
1996,59,0.04
1996,60,0.042
1996,61,0.045
1996,62,0.047
1996,63,0.049
1996,64,0.052
1996,65,0.054
1996,66,0.057
1996,67,0.059
1996,68,0.062
1996,69,0.065
1996,70,0.068
1996,71,0.071
1996,72,0.074
1996,73,0.077
1996,74,0.08
1996,75,0.084
1996,76,0.088
1996,77,0.092
1996,78,0.096
1996,79,0.101
1996,80,0.105
1996,81,0.11
1996,82,0.116
1996,83,0.122
1996,84,0.128
1996,85,0.134
1996,86,0.141
1996,87,0.148
1996,88,0.155
1996,89,0.163
1996,90,0.171
1996,91,0.18
1996,92,0.19
1996,93,0.2
1996,94,0.21
1996,95,0.222
1996,96,0.234
1996,97,0.247
1996,98,0.26
1996,99,0.275
1996,100,0.291
1997,15,0
1997,16,0
1997,17,0
1997,18,0.001
1997,19,0.001
1997,20,0.001
1997,21,0.002
1997,22,0.002
1997,23,0.003
1997,24,0.004
1997,25,0.004
1997,26,0.005
1997,27,0.006
1997,28,0.007
1997,29,0.008
1997,30,0.008
1997,31,0.009
1997,32,0.01
1997,33,0.011
1997,34,0.012
1997,35,0.012
1997,36,0.013
1997,37,0.014
1997,38,0.014
1997,39,0.015
1997,40,0.015
1997,41,0.016
1997,42,0.016
1997,43,0.017
1997,44,0.018
1997,45,0.019
1997,46,0.019
1997,47,0.02
1997,48,0.021
1997,49,0.023
1997,50,0.024
1997,51,0.025
1997,52,0.027
1997,53,0.028
1997,54,0.03
1997,55,0.032
1997,56,0.033
1997,57,0.035
1997,58,0.037
1997,59,0.039
1997,60,0.041
1997,61,0.044
1997,62,0.046
1997,63,0.048
1997,64,0.051
1997,65,0.053
1997,66,0.056
1997,67,0.058
1997,68,0.061
1997,69,0.063
1997,70,0.066
1997,71,0.069
1997,72,0.072
1997,73,0.075
1997,74,0.079
1997,75,0.082
1997,76,0.086
1997,77,0.09
1997,78,0.094
1997,79,0.099
1997,80,0.103
1997,81,0.108
1997,82,0.114
1997,83,0.119
1997,84,0.125
1997,85,0.131
1997,86,0.138
1997,87,0.145
1997,88,0.152
1997,89,0.16
1997,90,0.168
1997,91,0.177
1997,92,0.186
1997,93,0.196
1997,94,0.206
1997,95,0.217
1997,96,0.229
1997,97,0.242
1997,98,0.255
1997,99,0.27
1997,100,0.286
1998,15,0
1998,16,0
1998,17,0
1998,18,0.001
1998,19,0.001
1998,20,0.001
1998,21,0.002
1998,22,0.002
1998,23,0.003
1998,24,0.004
1998,25,0.004
1998,26,0.005
1998,27,0.006
1998,28,0.007
1998,29,0.007
1998,30,0.008
1998,31,0.009
1998,32,0.01
1998,33,0.011
1998,34,0.011
1998,35,0.012
1998,36,0.013
1998,37,0.013
1998,38,0.014
1998,39,0.014
1998,40,0.015
1998,41,0.015
1998,42,0.016
1998,43,0.017
1998,44,0.017
1998,45,0.018
1998,46,0.019
1998,47,0.02
1998,48,0.021
1998,49,0.022
1998,50,0.023
1998,51,0.025
1998,52,0.026
1998,53,0.027
1998,54,0.029
1998,55,0.031
1998,56,0.033
1998,57,0.034
1998,58,0.036
1998,59,0.038
1998,60,0.041
1998,61,0.043
1998,62,0.045
1998,63,0.047
1998,64,0.05
1998,65,0.052
1998,66,0.054
1998,67,0.057
1998,68,0.06
1998,69,0.062
1998,70,0.065
1998,71,0.068
1998,72,0.071
1998,73,0.074
1998,74,0.077
1998,75,0.081
1998,76,0.084
1998,77,0.088
1998,78,0.092
1998,79,0.097
1998,80,0.101
1998,81,0.106
1998,82,0.111
1998,83,0.117
1998,84,0.123
1998,85,0.129
1998,86,0.135
1998,87,0.142
1998,88,0.149
1998,89,0.157
1998,90,0.165
1998,91,0.173
1998,92,0.182
1998,93,0.192
1998,94,0.202
1998,95,0.213
1998,96,0.225
1998,97,0.237
1998,98,0.25
1998,99,0.264
1998,100,0.28
1999,15,0
1999,16,0
1999,17,0
1999,18,0.001
1999,19,0.001
1999,20,0.001
1999,21,0.002
1999,22,0.002
1999,23,0.003
1999,24,0.003
1999,25,0.004
1999,26,0.005
1999,27,0.006
1999,28,0.006
1999,29,0.007
1999,30,0.008
1999,31,0.009
1999,32,0.01
1999,33,0.01
1999,34,0.011
1999,35,0.012
1999,36,0.012
1999,37,0.013
1999,38,0.013
1999,39,0.014
1999,40,0.014
1999,41,0.015
1999,42,0.016
1999,43,0.016
1999,44,0.017
1999,45,0.018
1999,46,0.018
1999,47,0.019
1999,48,0.02
1999,49,0.021
1999,50,0.023
1999,51,0.024
1999,52,0.025
1999,53,0.027
1999,54,0.028
1999,55,0.03
1999,56,0.032
1999,57,0.034
1999,58,0.036
1999,59,0.038
1999,60,0.04
1999,61,0.042
1999,62,0.044
1999,63,0.046
1999,64,0.048
1999,65,0.051
1999,66,0.053
1999,67,0.056
1999,68,0.058
1999,69,0.061
1999,70,0.064
1999,71,0.066
1999,72,0.069
1999,73,0.072
1999,74,0.076
1999,75,0.079
1999,76,0.083
1999,77,0.086
1999,78,0.09
1999,79,0.095
1999,80,0.099
1999,81,0.104
1999,82,0.109
1999,83,0.114
1999,84,0.12
1999,85,0.126
1999,86,0.132
1999,87,0.139
1999,88,0.146
1999,89,0.153
1999,90,0.161
1999,91,0.17
1999,92,0.178
1999,93,0.188
1999,94,0.198
1999,95,0.208
1999,96,0.22
1999,97,0.232
1999,98,0.245
1999,99,0.259
1999,100,0.274
2000,15,0
2000,16,0
2000,17,0
2000,18,0.001
2000,19,0.001
2000,20,0.001
2000,21,0.002
2000,22,0.002
2000,23,0.003
2000,24,0.003
2000,25,0.004
2000,26,0.005
2000,27,0.005
2000,28,0.006
2000,29,0.007
2000,30,0.008
2000,31,0.009
2000,32,0.009
2000,33,0.01
2000,34,0.011
2000,35,0.011
2000,36,0.012
2000,37,0.012
2000,38,0.013
2000,39,0.013
2000,40,0.014
2000,41,0.014
2000,42,0.015
2000,43,0.016
2000,44,0.016
2000,45,0.017
2000,46,0.018
2000,47,0.019
2000,48,0.02
2000,49,0.021
2000,50,0.022
2000,51,0.023
2000,52,0.024
2000,53,0.026
2000,54,0.028
2000,55,0.029
2000,56,0.031
2000,57,0.033
2000,58,0.035
2000,59,0.037
2000,60,0.039
2000,61,0.041
2000,62,0.043
2000,63,0.045
2000,64,0.047
2000,65,0.05
2000,66,0.052
2000,67,0.054
2000,68,0.057
2000,69,0.059
2000,70,0.062
2000,71,0.065
2000,72,0.068
2000,73,0.071
2000,74,0.074
2000,75,0.077
2000,76,0.081
2000,77,0.084
2000,78,0.088
2000,79,0.092
2000,80,0.097
2000,81,0.102
2000,82,0.106
2000,83,0.112
2000,84,0.117
2000,85,0.123
2000,86,0.129
2000,87,0.136
2000,88,0.143
2000,89,0.15
2000,90,0.158
2000,91,0.166
2000,92,0.174
2000,93,0.184
2000,94,0.193
2000,95,0.204
2000,96,0.215
2000,97,0.226
2000,98,0.239
2000,99,0.253
2000,100,0.267
